{
  "kernel": "rbf",
  "C": 1.0,
  "gamma": "scale",
  "accuracy": 0.991304347826087,
  "precision": 0.991318482462681,
  "recall": 0.991304347826087,
  "specificity": 0.9871544261379503,
  "f1_score": 0.9913020025167542,
  "auc_score": 0.9994151460827139,
  "train_samples": 31276,
  "test_samples": 7820,
  "n_features": 20000,
  "trained_at": "2026-01-06T22:31:15.515679"
}