{
  "kernel": "sigmoid",
  "C": 1.0,
  "gamma": "scale",
  "accuracy": 0.9927109974424553,
  "precision": 0.9927273527718833,
  "recall": 0.9927109974424553,
  "f1_score": 0.9927089465592005,
  "train_samples": 31276,
  "test_samples": 7820,
  "n_features": 20000,
  "trained_at": "2026-01-01T22:22:15.363500"
}