{
    "config_name": "Poly_deg3",
    "config_params": {
        "kernel": "poly",
        "C": 1.0,
        "gamma": "scale",
        "degree": 3
    },
    "training_time_seconds": 1099.2922203540802,
    "test_metrics": {
        "accuracy": 0.733814844594782,
        "precision": 0.8108511459800355,
        "recall": 0.733814844594782,
        "f1_score": 0.7188583384914425,
        "confusion_matrix": [
            [
                18625,
                18481
            ],
            [
                720,
                34308
            ]
        ]
    },
    "timestamp": "2026-01-01 21:24:46"
}