{
  "kernel": "linear",
  "C": 10.0,
  "gamma": "scale",
  "accuracy": 0.9942455242966752,
  "precision": 0.9942509829778631,
  "recall": 0.9942455242966752,
  "specificity": 0.991622451829098,
  "f1_score": 0.9942445672630921,
  "auc_score": 0.9996131716374969,
  "train_samples": 31276,
  "test_samples": 7820,
  "n_features": 20000,
  "trained_at": "2026-01-06T21:26:48.752077"
}