{
  "kernel": "poly",
  "C": 1.0,
  "gamma": "scale",
  "accuracy": 0.569309462915601,
  "precision": 0.7578760025438191,
  "recall": 0.569309462915601,
  "specificity": 0.05975984361910081,
  "f1_score": 0.43955783631554635,
  "auc_score": 0.9665061447540456,
  "train_samples": 31276,
  "test_samples": 7820,
  "n_features": 20000,
  "trained_at": "2026-01-08T14:18:36.011981"
}