{
    "config_name": "Linear_C10",
    "config_params": {
        "kernel": "linear",
        "C": 10.0
    },
    "training_time_seconds": 250.5444700717926,
    "test_metrics": {
        "accuracy": 0.8536473784900325,
        "precision": 0.8731711241472881,
        "recall": 0.8536473784900325,
        "f1_score": 0.8511200898284841,
        "confusion_matrix": [
            [
                36026,
                1080
            ],
            [
                9477,
                25551
            ]
        ]
    },
    "timestamp": "2026-01-01 18:00:24"
}