{
  "kernel": "rbf",
  "C": 1.0,
  "gamma": 0.1,
  "accuracy": 0.550383631713555,
  "precision": 0.7542329097142179,
  "recall": 0.550383631713555,
  "specificity": 0.01815135437028763,
  "f1_score": 0.39949284750639574,
  "auc_score": 0.518434360951574,
  "train_samples": 31276,
  "test_samples": 7820,
  "n_features": 20000,
  "trained_at": "2026-01-07T14:09:17.059097"
}