{
  "kernel": "poly",
  "C": 1.0,
  "gamma": "scale",
  "accuracy": 0.5525575447570332,
  "precision": 0.7548838759660201,
  "recall": 0.5525575447570332,
  "specificity": 0.022898631667132085,
  "f1_score": 0.40421142599211096,
  "auc_score": 0.956632205872268,
  "train_samples": 31276,
  "test_samples": 7820,
  "n_features": 20000,
  "trained_at": "2026-01-08T00:11:24.479400"
}