{
    "test_name": "Internal_Validation_BNB_20260112_161014",
    "timestamp": "2026-01-12T16:10:14.871659",
    "accuracy": 0.9768542199488491,
    "precision": 0.9768661065763065,
    "recall": 0.9768542199488491,
    "specificity": 0.970678581401843,
    "f1_score": 0.9768466205734267,
    "auc_score": 0.9929628463610893,
    "confusion_matrix": [
        [
            3476,
            105
        ],
        [
            76,
            4163
        ]
    ]
}