{
  "kernel": "rbf",
  "C": 1.0,
  "gamma": 0.1,
  "accuracy": 0.5420716112531969,
  "precision": 0.293841631726637,
  "recall": 0.5420716112531969,
  "specificity": 0.0,
  "f1_score": 0.38109985240937094,
  "auc_score": 0.5098090173301347,
  "train_samples": 31276,
  "test_samples": 7820,
  "n_features": 20000,
  "trained_at": "2026-01-08T05:23:10.179795"
}