{
  "model_name": "xgboost_gridsearch_20260107_021537",
  "timestamp": "20260107_021537",
  "best_params": {
    "gamma": 0.1,
    "learning_rate": 0.01,
    "max_depth": 5,
    "n_estimators": 100,
    "reg_alpha": 0.01,
    "reg_lambda": 0.1,
    "subsample": 0.6
  },
  "best_score": 0.9960992331454529,
  "metrics": {
    "accuracy": 0.9968030690537084,
    "precision": 0.9968062684920516,
    "recall": 0.9968030690537084,
    "f1_score": 0.9968026815028109
  },
  "cv_results": {
    "mean_test_score": 0.9960992331454529,
    "std_test_score": 0.0005408163424966281,
    "mean_fit_time": 332.4741063117981
  }
}