{
    "config_name": "RBF_0.1",
    "config_params": {
        "kernel": "rbf",
        "C": 1.0,
        "gamma": 0.1
    },
    "training_time_seconds": 809.2008550167084,
    "test_metrics": {
        "accuracy": 0.6723043225108826,
        "precision": 0.8039393438007495,
        "recall": 0.6723043225108826,
        "f1_score": 0.6371356116902521,
        "confusion_matrix": [
            [
                13479,
                23627
            ],
            [
                11,
                35017
            ]
        ]
    },
    "timestamp": "2026-01-01 19:24:15"
}