{
  "kernel": "linear",
  "C": 0.1,
  "gamma": "scale",
  "accuracy": 0.9942455242966752,
  "precision": 0.9942509829778631,
  "recall": 0.9942455242966752,
  "f1_score": 0.9942445672630921,
  "train_samples": 31276,
  "test_samples": 7820,
  "n_features": 20000,
  "trained_at": "2026-01-01T18:04:19.118335"
}