{
    "config_name": "Linear_C0.1",
    "config_params": {
        "kernel": "linear",
        "C": 0.1
    },
    "training_time_seconds": 234.8005018234253,
    "test_metrics": {
        "accuracy": 0.8536473784900325,
        "precision": 0.8731711241472881,
        "recall": 0.8536473784900325,
        "f1_score": 0.8511200898284841,
        "confusion_matrix": [
            [
                36026,
                1080
            ],
            [
                9477,
                25551
            ]
        ]
    },
    "timestamp": "2026-01-01 18:11:41"
}