{
  "kernel": "poly",
  "C": 1.0,
  "gamma": "scale",
  "accuracy": 0.9324808184143223,
  "precision": 0.9349815158609306,
  "recall": 0.9324808184143223,
  "specificity": 0.8815973191845853,
  "f1_score": 0.9321297845822422,
  "auc_score": 0.9821947621516116,
  "train_samples": 31276,
  "test_samples": 7820,
  "n_features": 20000,
  "trained_at": "2026-01-08T11:10:51.264744"
}