{
    "test_name": "External_Validation_BNB_20260109_212235",
    "timestamp": "2026-01-09T21:22:35.721897",
    "accuracy": 0.830107854825741,
    "precision": 0.8410642187461498,
    "recall": 0.830107854825741,
    "specificity": 0.9250256023284644,
    "f1_score": 0.8281633889109491,
    "auc_score": 0.8728881806659761,
    "confusion_matrix": [
        [
            34324,
            2782
        ],
        [
            9473,
            25555
        ]
    ]
}