{
    "config_name": "RBF_10",
    "config_params": {
        "kernel": "rbf",
        "C": 1.0,
        "gamma": 10.0
    },
    "training_time_seconds": 785.9283010959625,
    "test_metrics": {
        "accuracy": 0.6675770094546261,
        "precision": 0.8026655733586971,
        "recall": 0.6675770094546261,
        "f1_score": 0.6306190980173696,
        "confusion_matrix": [
            [
                13127,
                23979
            ],
            [
                0,
                35028
            ]
        ]
    },
    "timestamp": "2026-01-01 20:13:18"
}