{
  "kernel": "rbf",
  "C": 1.0,
  "gamma": "scale",
  "accuracy": 0.9911764705882353,
  "precision": 0.991194918020491,
  "recall": 0.9911764705882353,
  "specificity": 0.9865959229265568,
  "f1_score": 0.9911737813555697,
  "auc_score": 0.9994221948965402,
  "train_samples": 31276,
  "test_samples": 7820,
  "n_features": 20000,
  "trained_at": "2026-01-08T03:42:12.558725"
}